[{"ID":"Bar Chart","Icon":"sap-icon://horizontal-bar-chart"},{"ID":"Column Chart","Icon":"sap-icon://vertical-bar-chart"},{"ID":"Line Chart","Icon":"sap-icon://line-chart"},{"ID":"Pie Chart","Icon":"sap-icon://pie-chart"},{"ID":"Donut Chart","Icon":"sap-icon://donut-chart"},{"ID":"Heat Map","Icon":"sap-icon://heatmap-chart"},{"ID":"Bullet Chart","Icon":"sap-icon://horizontal-bullet-chart"},{"ID":"Vertical Bullet Chart","Icon":"sap-icon://vertical-bullet-chart"},{"ID":"Stacked Bar Chart","Icon":"sap-icon://full-stacked-chart"},{"ID":"Stacked Column Chart","Icon":"sap-icon://full-stacked-column-chart"},{"ID":"100 Stacked Bar Chart","Icon":"sap-icon://full-stacked-chart"},{"ID":"100 Stacked Column Chart","Icon":"sap-icon://full-stacked-column-chart"},{"ID":"Waterfall Chart","Icon":"sap-icon://horizontal-waterfall-chart"},{"ID":"Horizontal Waterfall Chart","Icon":"sap-icon://vertical-waterfall-chart"}]