[{"ID":"1a","Month":"October","Year":"2016","Revenue":10000,"___FK_9ece8a0f5d1142d20d9259f8":"HT-1000"},{"ID":"1b","Month":"November","Year":"2016","Revenue":9000,"___FK_9ece8a0f5d1142d20d9259f8":"HT-1000"},{"ID":"1c","Month":"December","Year":"2016","Revenue":13000,"___FK_9ece8a0f5d1142d20d9259f8":"HT-1000"},{"ID":"1","Month":"January","Year":"2017","Revenue":12000,"___FK_9ece8a0f5d1142d20d9259f8":"HT-1000"},{"ID":"2","Month":"February","Year":"2017","Revenue":14000,"___FK_9ece8a0f5d1142d20d9259f8":"HT-1000"},{"ID":"3","Month":"March","Year":"2017","Revenue":9000,"___FK_9ece8a0f5d1142d20d9259f8":"HT-1000"},{"ID":"4","Month":"April","Year":"2017","Revenue":14800,"___FK_9ece8a0f5d1142d20d9259f8":"HT-1000"},{"ID":"5","Month":"January","Year":"2017","Revenue":4500,"___FK_9ece8a0f5d1142d20d9259f8":"HT-1030"},{"ID":"6","Month":"February","Year":"2017","Revenue":2800,"___FK_9ece8a0f5d1142d20d9259f8":"HT-1030"},{"ID":"7","Month":"March","Year":"2017","Revenue":3200,"___FK_9ece8a0f5d1142d20d9259f8":"HT-1030"},{"ID":"8","Month":"April","Year":"2017","Revenue":2750,"___FK_9ece8a0f5d1142d20d9259f8":"HT-1030"},{"ID":"9","Month":"January","Year":"2017","Revenue":1650,"___FK_9ece8a0f5d1142d20d9259f8":"HT-1041"},{"ID":"10","Month":"February","Year":"2017","Revenue":1100,"___FK_9ece8a0f5d1142d20d9259f8":"HT-1041"},{"ID":"11","Month":"March","Year":"2017","Revenue":1100,"___FK_9ece8a0f5d1142d20d9259f8":"HT-1041"},{"ID":"12","Month":"April","Year":"2017","Revenue":1200,"___FK_9ece8a0f5d1142d20d9259f8":"HT-1041"},{"ID":"13","Month":"January","Year":"2017","Revenue":10000,"___FK_9ece8a0f5d1142d20d9259f8":"HT-1050"},{"ID":"14","Month":"February","Year":"2017","Revenue":6000,"___FK_9ece8a0f5d1142d20d9259f8":"HT-1050"},{"ID":"15","Month":"March","Year":"2017","Revenue":8000,"___FK_9ece8a0f5d1142d20d9259f8":"HT-1050"},{"ID":"16","Month":"April","Year":"2017","Revenue":6000,"___FK_9ece8a0f5d1142d20d9259f8":"HT-1050"},{"ID":"17","Month":"January","Year":"2017","Revenue":5800,"___FK_9ece8a0f5d1142d20d9259f8":"HT-1100"},{"ID":"18","Month":"February","Year":"2017","Revenue":3800,"___FK_9ece8a0f5d1142d20d9259f8":"HT-1100"},{"ID":"19","Month":"March","Year":"2017","Revenue":4500,"___FK_9ece8a0f5d1142d20d9259f8":"HT-1100"},{"ID":"20","Month":"April","Year":"2017","Revenue":4700,"___FK_9ece8a0f5d1142d20d9259f8":"HT-1100"},{"ID":"21","Month":"January","Year":"2017","Revenue":4600,"___FK_9ece8a0f5d1142d20d9259f8":"HT-9991"},{"ID":"22","Month":"February","Year":"2017","Revenue":3850,"___FK_9ece8a0f5d1142d20d9259f8":"HT-9991"},{"ID":"23","Month":"March","Year":"2017","Revenue":3300,"___FK_9ece8a0f5d1142d20d9259f8":"HT-9991"},{"ID":"24","Month":"April","Year":"2017","Revenue":3700,"___FK_9ece8a0f5d1142d20d9259f8":"HT-9991"},{"ID":"25","Month":"January","Year":"2017","Revenue":6200,"___FK_9ece8a0f5d1142d20d9259f8":"HT-9999"},{"ID":"26","Month":"February","Year":"2017","Revenue":4600,"___FK_9ece8a0f5d1142d20d9259f8":"HT-9999"},{"ID":"27","Month":"March","Year":"2017","Revenue":2950,"___FK_9ece8a0f5d1142d20d9259f8":"HT-9999"},{"ID":"28","Month":"April","Year":"2017","Revenue":4500,"___FK_9ece8a0f5d1142d20d9259f8":"HT-9999"},{"ID":"29","Month":"January","Year":"2017","Revenue":900,"___FK_9ece8a0f5d1142d20d9259f8":"HT-9992"},{"ID":"30","Month":"February","Year":"2017","Revenue":3800,"___FK_9ece8a0f5d1142d20d9259f8":"HT-9992"},{"ID":"31","Month":"March","Year":"2017","Revenue":4050,"___FK_9ece8a0f5d1142d20d9259f8":"HT-9992"},{"ID":"32","Month":"April","Year":"2017","Revenue":3300,"___FK_9ece8a0f5d1142d20d9259f8":"HT-9992"},{"ID":"33","Month":"January","Year":"2017","Revenue":34000,"___FK_9ece8a0f5d1142d20d9259f8":"HT-1502"},{"ID":"34","Month":"February","Year":"2017","Revenue":37000,"___FK_9ece8a0f5d1142d20d9259f8":"HT-1502"},{"ID":"35","Month":"March","Year":"2017","Revenue":47000,"___FK_9ece8a0f5d1142d20d9259f8":"HT-1502"},{"ID":"36","Month":"April","Year":"2017","Revenue":42300,"___FK_9ece8a0f5d1142d20d9259f8":"HT-1502"}]