[{"ID":"1","FullName":"Sally Spring","Role":"iTelo","Photo":"/webapp/localService/assets/SS.jpg","JobTitle":"Designer","Department":"Research & Development","Email":"sally.spring@itelo.info","Phone":"+1 224 374524","Mobile":"+1 224 9211250","Fax":"+1 224 9211252","___FK_bb90a807d77a465c0d9259f8":"HT-1030"},{"ID":"2","FullName":"Maria Hicks","Role":"iTelo","Photo":"/webapp/localService/assets/MH.jpg","JobTitle":"Accounting Clerk","Department":"Accounting and Finance","Email":"maria.hicks@itelo.info","Phone":"+1 224 374523","Mobile":"+1 224 9211249","Fax":"+1 224 9211100","___FK_bb90a807d77a465c0d9259f8":"HT-1030"},{"ID":"3","FullName":"Michael Miller","Role":"iTelo","Photo":"/webapp/localService/assets/MM.jpg","JobTitle":"Billing Clerk","Department":"Administration","Email":"michael.miller@itelo.info","Phone":"+1 224 374522","Mobile":"+1 224 9211248","Fax":"+1 224 9211101","___FK_bb90a807d77a465c0d9259f8":"HT-1000"},{"ID":"4","FullName":"Paul Burke","Role":"iTelo","Photo":"/webapp/localService/assets/PB.jpg","JobTitle":"Account Manager","Department":"Sales and Operations","Email":"paul.burke@itelo.info","Phone":"+1 224 374521","Mobile":"+1 224 9211247","Fax":"+1 224 9211102","___FK_bb90a807d77a465c0d9259f8":"HT-1000"},{"ID":"5","FullName":"Walter Winter","Role":"iTelo","Photo":"/webapp/localService/assets/WW.jpg","JobTitle":"Contract Administrator","Department":"Administration","Email":"walter.winter@itelo.info","Phone":"+1 224 374520","Mobile":"+1 224 9211246","Fax":"","___FK_bb90a807d77a465c0d9259f8":"HT-1041"},{"ID":"6","FullName":"Franco Fall","Role":"iTelo","Photo":"/webapp/localService/assets/FF.jpg","JobTitle":"Business Development Manager","Department":"Sales and Operations","Email":"franco.fall@itelo.info","Phone":"+1 224 374519","Mobile":"+1 224 9211245","Fax":"+1 224 9211103","___FK_bb90a807d77a465c0d9259f8":"HT-1000"},{"ID":"7","FullName":"Viola Gains","Role":"iTelo","Photo":"/webapp/localService/assets/VG.jpg","JobTitle":"Chief Financial Officer","Department":"Accounting and Finance","Email":"viola.gains@itelo.info","Phone":"+1 224 374518","Mobile":"+1 224 9211244","Fax":"+1 224 9211104","___FK_bb90a807d77a465c0d9259f8":"HT-1000"},{"ID":"8","FullName":"Sally Spring","Role":"iTelo","Photo":"/webapp/localService/assets/SS.jpg","JobTitle":"Designer","Department":"Research & Development","Email":"sally.spring@itelo.info","Phone":"+1 224 374524","Mobile":"+1 224 9211250","Fax":"+1 224 9211252","___FK_bb90a807d77a465c0d9259f8":"HT-1000"},{"ID":"9","FullName":"Maria Hicks","Role":"iTelo","Photo":"/webapp/localService/assets/MH.jpg","JobTitle":"Accounting Clerk","Department":"Accounting and Finance","Email":"maria.hicks@itelo.info","Phone":"+1 224 374523","Mobile":"+1 224 9211249","Fax":"+1 224 9211100","___FK_bb90a807d77a465c0d9259f8":"HT-1000"},{"ID":"10","FullName":"Michael Miller","Role":"iTelo","Photo":"/webapp/localService/assets/MM.jpg","JobTitle":"Billing Clerk","Department":"Administration","Email":"michael.miller@itelo.info","Phone":"+1 224 374522","Mobile":"+1 224 9211248","Fax":"+1 224 9211101","___FK_bb90a807d77a465c0d9259f8":"HT-1000"},{"ID":"11","FullName":"Paul Burke","Role":"iTelo","Photo":"/webapp/localService/assets/PB.jpg","JobTitle":"Account Manager","Department":"Sales and Operations","Email":"paul.burke@itelo.info","Phone":"+1 224 374521","Mobile":"+1 224 9211247","Fax":"+1 224 9211102","___FK_bb90a807d77a465c0d9259f8":"HT-1000"},{"ID":"12","FullName":"Walter Winter","Role":"iTelo","Photo":"/webapp/localService/assets/WW.jpg","JobTitle":"Contract Administrator","Department":"Administration","Email":"walter.winter@itelo.info","Phone":"+1 224 374520","Mobile":"+1 224 9211246","Fax":"","___FK_bb90a807d77a465c0d9259f8":"HT-1050"},{"ID":"13","FullName":"Franco Fall","Role":"iTelo","Photo":"/webapp/localService/assets/FF.jpg","JobTitle":"Business Development Manager","Department":"Sales and Operations","Email":"franco.fall@itelo.info","Phone":"+1 224 374519","Mobile":"+1 224 9211245","Fax":"+1 224 9211103","___FK_bb90a807d77a465c0d9259f8":"HT-1050"},{"ID":"14","FullName":"Viola Gains","Role":"iTelo","Photo":"/webapp/localService/assets/VG.jpg","JobTitle":"Chief Financial Officer","Department":"Accounting and Finance","Email":"viola.gains@itelo.info","Phone":"+1 224 374518","Mobile":"+1 224 9211244","Fax":"+1 224 9211104","___FK_bb90a807d77a465c0d9259f8":"HT-1100"},{"ID":"15","FullName":"Sally Spring","Role":"iTelo","Photo":"/webapp/localService/assets/SS.jpg","JobTitle":"Designer","Department":"Research & Development","Email":"sally.spring@itelo.info","Phone":"+1 224 374524","Mobile":"+1 224 9211250","Fax":"+1 224 9211252","___FK_bb90a807d77a465c0d9259f8":"HT-1100"},{"ID":"16","FullName":"Maria Hicks","Role":"iTelo","Photo":"/webapp/localService/assets/MH.jpg","JobTitle":"Accounting Clerk","Department":"Accounting and Finance","Email":"maria.hicks@itelo.info","Phone":"+1 224 374523","Mobile":"+1 224 9211249","Fax":"+1 224 9211100","___FK_bb90a807d77a465c0d9259f8":"HT-9991"},{"ID":"17","FullName":"Michael Miller","Role":"iTelo","Photo":"/webapp/localService/assets/MM.jpg","JobTitle":"Billing Clerk","Department":"Administration","Email":"michael.miller@itelo.info","Phone":"+1 224 374522","Mobile":"+1 224 9211248","Fax":"+1 224 9211101","___FK_bb90a807d77a465c0d9259f8":"HT-9999"},{"ID":"18","FullName":"Paul Burke","Role":"iTelo","Photo":"/webapp/localService/assets/PB.jpg","JobTitle":"Account Manager","Department":"Sales and Operations","Email":"paul.burke@itelo.info","Phone":"+1 224 374521","Mobile":"+1 224 9211247","Fax":"+1 224 9211102","___FK_bb90a807d77a465c0d9259f8":"HT-9999"},{"ID":"19","FullName":"Walter Winter","Role":"iTelo","Photo":"/webapp/localService/assets/WW.jpg","JobTitle":"Contract Administrator","Department":"Administration","Email":"walter.winter@itelo.info","Phone":"+1 224 374520","Mobile":"+1 224 9211246","Fax":"","___FK_bb90a807d77a465c0d9259f8":"HT-9992"},{"ID":"20","FullName":"Franco Fall","Role":"iTelo","Photo":"/webapp/localService/assets/FF.jpg","JobTitle":"Business Development Manager","Department":"Sales and Operations","Email":"franco.fall@itelo.info","Phone":"+1 224 374519","Mobile":"+1 224 9211245","Fax":"+1 224 9211103","___FK_bb90a807d77a465c0d9259f8":"HT-9992"},{"ID":"21","FullName":"Viola Gains","Role":"iTelo","Photo":"/webapp/localService/assets/VG.jpg","JobTitle":"Chief Financial Officer","Department":"Accounting and Finance","Email":"viola.gains@itelo.info","Phone":"+1 224 374518","Mobile":"+1 224 9211244","Fax":"+1 224 9211104","___FK_bb90a807d77a465c0d9259f8":"HT-1502"},{"ID":"22","FullName":"Franco Fall","Role":"iTelo","Photo":"/webapp/localService/assets/FF.jpg","JobTitle":"Business Development Manager","Department":"Sales and Operations","Email":"franco.fall@itelo.info","Phone":"+1 224 374519","Mobile":"+1 224 9211245","Fax":"+1 224 9211103","___FK_bb90a807d77a465c0d9259f8":"HT-1502"},{"ID":"23","FullName":"Viola Gains","Role":"iTelo","Photo":"/webapp/localService/assets/VG.jpg","JobTitle":"Chief Financial Officer","Department":"Accounting and Finance","Email":"viola.gains@itelo.info","Phone":"+1 224 374518","Mobile":"+1 224 9211244","Fax":"+1 224 9211104","___FK_bb90a807d77a465c0d9259f8":"HT-1502"}]