[{"ID":"HT-1000EN","Description":"Notebook Basic 15 with 2,80 GHz quad core, 15\" LCD, 4 GB DDR3 RAM, 500 GB Hard Disc, Windows 8 Pro","Language":"English","LanguageCode":"EN","Name":"Notebook Basic 4711","___FK_93c0f124cb110a070d9259f8":"HT-1000"},{"ID":"HT-1000DE","Description":"Geraffel","Language":"German","LanguageCode":"DE","Name":"Gedons","___FK_93c0f124cb110a070d9259f8":"HT-1000"},{"ID":"HT-1030EN","Description":"Optimum Hi-Resolution max. 1920 x 1080 @ 85Hz, Dot Pitch: 0.27mm","Language":"English","LanguageCode":"EN","Name":"Ergo Screen E-I","___FK_93c0f124cb110a070d9259f8":"HT-1030"},{"ID":"HT-1041EN","Description":"Up to 22 ppm color or 24 ppm monochrome A4/letter, powerful 500 MHz processor and 128MB of memory","Language":"English","LanguageCode":"EN","Name":"Laser Basic","___FK_93c0f124cb110a070d9259f8":"HT-1041"},{"ID":"HT-1050EN","Description":"4800 dpi x 1200 dpi - up to 35 ppm (mono) / up to 34 ppm (color) - capacity: 250 sheets - Hi-Speed USB, Ethernet","Language":"English","LanguageCode":"EN","Name":"Ultra Jet Super Color","___FK_93c0f124cb110a070d9259f8":"HT-1050"},{"ID":"HT-1100EN","Description":"Complete package, 1 User, Office Applications (word processing, spreadsheet, presentations)","Language":"English","LanguageCode":"EN","Name":"Smart Office","___FK_93c0f124cb110a070d9259f8":"HT-1100"},{"ID":"HT-9991EN","Description":"Button Clasp, Quality Material, 100% Leather, compatible with many smartphone models","Language":"English","LanguageCode":"EN","Name":"Smartphone Leather Case","___FK_93c0f124cb110a070d9259f8":"HT-9991"},{"ID":"HT-9999EN","Description":"10.1-inch Multitouch HD Screen (1280 x 800), 16GB Internal Memory, Wireless N Wi-Fi; Bluetooth, GPS Enabled, 1GHz Dual-Core Processor","Language":"English","LanguageCode":"EN","Name":"Maxi Tablet","___FK_93c0f124cb110a070d9259f8":"HT-9999"},{"ID":"HT-9992EN","Description":"7 inch 1280x800 HD display (216 ppi), Quad-core processor, 16 GB internal storage (actual formatted capacity will be less), 4325 mAh battery (Up to 8 hours of active use), white or black","Language":"English","LanguageCode":"EN","Name":"Smartphone Alpha","___FK_93c0f124cb110a070d9259f8":"HT-9992"},{"ID":"HT-1502EN","Description":"Dual socket, quad-core processing server with 1644 MHz Front Side Bus with 100Gb connectivity","Language":"English","LanguageCode":"EN","Name":"Server Power Pro","___FK_93c0f124cb110a070d9259f8":"HT-1502"}]