[{"ID":"HT-1000","Name":"Notebook Basic 4711","Category":"Notebooks","Price":956,"Currency":"USD","MainCategory":"Computer Systems","Length":18,"LengthUnit":"CM","Width":30,"WidthUnit":"CM","Height":3,"HeightUnit":"CM","Weight":4.2,"WeightUnit":"KG","ProductImage":"/webapp/localService/assets/HT-1000.jpg","StockLevel":"In Stock","StockLevelCC":"Positive","PriceRange":"Price: 500-1000","___FK_7bf081fc826214da0d9259f8":"HT-1000EN","___FK_dd66778c188db89f0d9259f8":"100000000","AverageRating":4379.4},{"ID":"HT-1030","Name":"Ergo Screen E-I","Category":"Flat Screen Monitors","Price":230,"Currency":"USD","MainCategory":"Computer Components","Length":12,"LengthUnit":"CM","Width":37,"WidthUnit":"CM","Height":36,"HeightUnit":"CM","Weight":21,"WeightUnit":"KG","ProductImage":"/webapp/localService/assets/HT-1030.jpg","StockLevel":"In Stock","StockLevelCC":"Positive","PriceRange":"Price: 100-500","___FK_7bf081fc826214da0d9259f8":"HT-1030EN","___FK_dd66778c188db89f0d9259f8":"100000011","AverageRating":1372.49},{"ID":"HT-1041","Name":"Laser Basic","Category":"Laser Printers","Price":490,"Currency":"USD","MainCategory":"Printers & Scanners","Length":42,"LengthUnit":"CM","Width":48,"WidthUnit":"CM","Height":26,"HeightUnit":"CM","Weight":23,"WeightUnit":"KG","ProductImage":"/webapp/localService/assets/HT-1041.jpg","StockLevel":"Less Than 10 Left","StockLevelCC":"Critical","PriceRange":"Price: 100-500","___FK_7bf081fc826214da0d9259f8":"HT-1041EN","___FK_dd66778c188db89f0d9259f8":"100000018","AverageRating":8582.52},{"ID":"HT-1050","Name":"Ultra Jet Super Color","Category":"Ink Jet Printers","Price":139,"Currency":"USD","MainCategory":"Printers & Scanners","Length":41,"LengthUnit":"CM","Width":41,"WidthUnit":"CM","Height":28,"HeightUnit":"CM","Weight":3,"WeightUnit":"KG","ProductImage":"/webapp/localService/assets/HT-1050.jpg","StockLevel":"In Stock","StockLevelCC":"Positive","PriceRange":"Price: 100-500","___FK_7bf081fc826214da0d9259f8":"HT-1050EN","___FK_dd66778c188db89f0d9259f8":"100000020","AverageRating":1908.44},{"ID":"HT-1100","Name":"Smart Office","Category":"Software","Price":89.9,"Currency":"USD","MainCategory":"Software","Length":6.5,"LengthUnit":"CM","Width":15,"WidthUnit":"CM","Height":2.1,"HeightUnit":"CM","Weight":1.2,"WeightUnit":"KG","ProductImage":"/webapp/localService/assets/HT-1100.jpg","StockLevel":"Out of Stock","StockLevelCC":"Negative","PriceRange":"Price: 0-100","___FK_7bf081fc826214da0d9259f8":"HT-1100EN","___FK_dd66778c188db89f0d9259f8":"100000002","AverageRating":6178.56},{"ID":"HT-9991","Name":"Smartphone Leather Case","Category":"Accessories","Price":25,"Currency":"USD","MainCategory":"Smartphones & Tablets","Length":31,"LengthUnit":"CM","Width":48,"WidthUnit":"CM","Height":4.5,"HeightUnit":"CM","Weight":0.02,"WeightUnit":"KG","ProductImage":"/webapp/localService/assets/HT-9991.jpg","StockLevel":"Less Than 10 Left","StockLevelCC":"Critical","PriceRange":"Price: 0-100","___FK_7bf081fc826214da0d9259f8":"HT-9991EN","___FK_dd66778c188db89f0d9259f8":"100000024","AverageRating":7041.83},{"ID":"HT-9999","Name":"Maxi Tablet","Category":"Tablets","Price":749,"Currency":"USD","MainCategory":"Smartphones & Tablets","Length":31,"LengthUnit":"CM","Width":48,"WidthUnit":"CM","Height":4.5,"HeightUnit":"CM","Weight":3.8,"WeightUnit":"KG","ProductImage":"/webapp/localService/assets/HT-9999.jpg","StockLevel":"In Stock","StockLevelCC":"Positive","PriceRange":"Price: 500-1000","___FK_7bf081fc826214da0d9259f8":"HT-9999EN","___FK_dd66778c188db89f0d9259f8":"100000016","AverageRating":1849.97},{"ID":"HT-9992","Name":"Smartphone Alpha","Category":"Smartphones","Price":599,"Currency":"USD","MainCategory":"Smartphones & Tablets","Length":31,"LengthUnit":"CM","Width":48,"WidthUnit":"CM","Height":4.5,"HeightUnit":"CM","Weight":0.75,"WeightUnit":"KG","ProductImage":"/webapp/localService/assets/HT-9992.jpg","StockLevel":"Low","StockLevelCC":"Critical","PriceRange":"Price: 500-1000","___FK_7bf081fc826214da0d9259f8":"HT-9992EN","___FK_dd66778c188db89f0d9259f8":"100000023","AverageRating":507.78},{"ID":"HT-1502","Name":"Server Power Pro","Category":"Servers","Price":25000,"Currency":"USD","MainCategory":"Computer Systems","Length":27.3,"LengthUnit":"CM","Width":22,"WidthUnit":"CM","Height":37,"HeightUnit":"CM","Weight":35,"WeightUnit":"KG","ProductImage":"/webapp/localService/assets/HT-1502.jpg","StockLevel":"In Stock","StockLevelCC":"Positive","PriceRange":"Price: Over 1000","___FK_7bf081fc826214da0d9259f8":"HT-1502EN","___FK_dd66778c188db89f0d9259f8":"100000025","AverageRating":140.27}]