[{"ID":"1","Rating":5,"Reviewer":"Karl Muller","ReviewDate":"Jun 13, 2015","ReviewText":"Quo. Nam no essen.","___FK_43c4d69ec85a1d400d9259f8":"HT-1000","___FK_4c5a0f16e74aa5980d92b2c8":"HT-1000"},{"ID":"2","Rating":5,"Reviewer":"Harald Gahn","ReviewDate":"Jun 16, 2015","ReviewText":"Dolorem persecuti, qui qualisque deseruisse id, tempor dicunt rationibus et quo. Nam no essent aliquid, ne animal abhorreant eloquentiam eam, vis natum solet et. Te mollis equidem liberavisse ius, in ius iudico eirmod option. Atqui erre.","___FK_43c4d69ec85a1d400d9259f8":"HT-1000","___FK_4c5a0f16e74aa5980d92b2c8":"HT-1000"},{"ID":"3","Rating":1,"Reviewer":"Dagmar Schulze","ReviewDate":"Jun 19, 2015","ReviewText":"Et quo. Nam no essent aliquid, ne animal abhorreant eloquentiam eam, vis natum solet et. Te mollis equidem liberavisse ius, in ius iudico eirmod option. Atqui errem clita eu ius. Tantas dictas id mei, ad pro commodo urbanitas. No consulatu theophrastus pri. Id eleifend evertitur vulputate duo, ex labores salutandi his. Nulla elitr oratio ut usu, qui interesset necessitatibus ut. Sea cu deleniti indoctum persecuti, agam eligendi sit ei. An vis civibus offendit incorrupte.","___FK_43c4d69ec85a1d400d9259f8":"HT-1000","___FK_4c5a0f16e74aa5980d92b2c8":"HT-1000"},{"ID":"4","Rating":3,"Reviewer":"Ursula Wexler","ReviewDate":"Jun 26, 2015","ReviewText":"Eirmod option. Atqui erre.","___FK_43c4d69ec85a1d400d9259f8":"HT-1000","___FK_4c5a0f16e74aa5980d92b2c8":"HT-1000"},{"ID":"5","Rating":2,"Reviewer":"Maria Brown","ReviewDate":"Jul 3, 2015","ReviewText":"Et. Te mollis equidem liberavisse ius, in ius iudico eirmod option. Atqui errem clita eu ius. Tantas dictas id mei, ad pro commodo urbanitas. No consulatu theophrastus pri. Id eleifend evertitur vulputate duo, ex labores salutand.","___FK_43c4d69ec85a1d400d9259f8":"HT-1000","___FK_4c5a0f16e74aa5980d92b2c8":"HT-1000"},{"ID":"6","Rating":1,"Reviewer":"Sam Pelt","ReviewDate":"Jul 10, 2015","ReviewText":"Natum solet et. Te mollis equidem liberavisse ius, in ius iudico eirmod option. Atqui errem clita eu ius. Tantas dictas id mei, ad pro commodo urbanitas. No consulatu theophrastus pri. Id eleifend evertitur vulputate duo, ex labores salutandi his. Nulla elitr oratio ut usu, qui interesset necessitatibus ut. Sea cu deleniti indoctum persecuti, agam eligendi sit ei. An vis civibus offendit incorrupte, mel ne dicam corrumpit. An qui prompta aliquid. Sea ut dolores invidun.","___FK_43c4d69ec85a1d400d9259f8":"HT-1000","___FK_4c5a0f16e74aa5980d92b2c8":"HT-1000"},{"ID":"7","Rating":2,"Reviewer":"Saskia Sommer","ReviewDate":"Jul 17, 2015","ReviewText":"Dicunt rationibus et quo.","___FK_43c4d69ec85a1d400d9259f8":"HT-1000","___FK_4c5a0f16e74aa5980d92b2c8":"HT-1000"},{"ID":"8","Rating":5,"Reviewer":"Julia Pfeffer","ReviewDate":"Jul 24, 2015","ReviewText":"Amet, at vim laudem dolorem persecuti, qui qualisque deseruisse id, tempor dicunt rationibus et quo. Nam no essent aliquid, ne animal abhorreant eloquentiam eam, vis natum solet et. Te mollis equidem liberavisse ius, in ius iudic.","___FK_43c4d69ec85a1d400d9259f8":"HT-1000","___FK_4c5a0f16e74aa5980d92b2c8":"HT-1000"},{"ID":"9","Rating":5,"Reviewer":"Karl Muller","ReviewDate":"Jun 13, 2015","ReviewText":"Quo. Nam no essen.","___FK_43c4d69ec85a1d400d9259f8":"HT-1030","___FK_4c5a0f16e74aa5980d92b2c8":"HT-1030"},{"ID":"10","Rating":5,"Reviewer":"Harald Gahn","ReviewDate":"Jun 16, 2015","ReviewText":"Dolorem persecuti, qui qualisque deseruisse id, tempor dicunt rationibus et quo. Nam no essent aliquid, ne animal abhorreant eloquentiam eam, vis natum solet et. Te mollis equidem liberavisse ius, in ius iudico eirmod option. Atqui erre.","___FK_43c4d69ec85a1d400d9259f8":"HT-1030","___FK_4c5a0f16e74aa5980d92b2c8":"HT-1030"},{"ID":"11","Rating":1,"Reviewer":"Dagmar Schulze","ReviewDate":"Jun 19, 2015","ReviewText":"Et quo. Nam no essent aliquid, ne animal abhorreant eloquentiam eam, vis natum solet et. Te mollis equidem liberavisse ius, in ius iudico eirmod option. Atqui errem clita eu ius. Tantas dictas id mei, ad pro commodo urbanitas. No consulatu theophrastus pri. Id eleifend evertitur vulputate duo, ex labores salutandi his. Nulla elitr oratio ut usu, qui interesset necessitatibus ut. Sea cu deleniti indoctum persecuti, agam eligendi sit ei. An vis civibus offendit incorrupte.","___FK_43c4d69ec85a1d400d9259f8":"HT-1030","___FK_4c5a0f16e74aa5980d92b2c8":"HT-1030"},{"ID":"12","Rating":3,"Reviewer":"Ursula Wexler","ReviewDate":"Jun 26, 2015","ReviewText":"Eirmod option. Atqui erre.","___FK_43c4d69ec85a1d400d9259f8":"HT-1030","___FK_4c5a0f16e74aa5980d92b2c8":"HT-1030"},{"ID":"13","Rating":2,"Reviewer":"Maria Brown","ReviewDate":"Jul 3, 2015","ReviewText":"Et. Te mollis equidem liberavisse ius, in ius iudico eirmod option. Atqui errem clita eu ius. Tantas dictas id mei, ad pro commodo urbanitas. No consulatu theophrastus pri. Id eleifend evertitur vulputate duo, ex labores salutand.","___FK_43c4d69ec85a1d400d9259f8":"HT-1041","___FK_4c5a0f16e74aa5980d92b2c8":"HT-1041"},{"ID":"14","Rating":1,"Reviewer":"Sam Pelt","ReviewDate":"Jul 10, 2015","ReviewText":"Natum solet et. Te mollis equidem liberavisse ius, in ius iudico eirmod option. Atqui errem clita eu ius. Tantas dictas id mei, ad pro commodo urbanitas. No consulatu theophrastus pri. Id eleifend evertitur vulputate duo, ex labores salutandi his. Nulla elitr oratio ut usu, qui interesset necessitatibus ut. Sea cu deleniti indoctum persecuti, agam eligendi sit ei. An vis civibus offendit incorrupte, mel ne dicam corrumpit. An qui prompta aliquid. Sea ut dolores invidun.","___FK_43c4d69ec85a1d400d9259f8":"HT-1041","___FK_4c5a0f16e74aa5980d92b2c8":"HT-1041"},{"ID":"15","Rating":2,"Reviewer":"Saskia Sommer","ReviewDate":"Jul 17, 2015","ReviewText":"Dicunt rationibus et quo.","___FK_43c4d69ec85a1d400d9259f8":"HT-1050","___FK_4c5a0f16e74aa5980d92b2c8":"HT-1050"},{"ID":"16","Rating":5,"Reviewer":"Julia Pfeffer","ReviewDate":"Jul 24, 2015","ReviewText":"Amet, at vim laudem dolorem persecuti, qui qualisque deseruisse id, tempor dicunt rationibus et quo. Nam no essent aliquid, ne animal abhorreant eloquentiam eam, vis natum solet et. Te mollis equidem liberavisse ius, in ius iudic.","___FK_43c4d69ec85a1d400d9259f8":"HT-1050","___FK_4c5a0f16e74aa5980d92b2c8":"HT-1050"},{"ID":"17","Rating":5,"Reviewer":"Karl Muller","ReviewDate":"Jun 13, 2015","ReviewText":"Quo. Nam no essen.","___FK_43c4d69ec85a1d400d9259f8":"HT-1100","___FK_4c5a0f16e74aa5980d92b2c8":"HT-1100"},{"ID":"18","Rating":5,"Reviewer":"Harald Gahn","ReviewDate":"Jun 16, 2015","ReviewText":"Dolorem persecuti, qui qualisque deseruisse id, tempor dicunt rationibus et quo. Nam no essent aliquid, ne animal abhorreant eloquentiam eam, vis natum solet et. Te mollis equidem liberavisse ius, in ius iudico eirmod option. Atqui erre.","___FK_43c4d69ec85a1d400d9259f8":"HT-1100","___FK_4c5a0f16e74aa5980d92b2c8":"HT-1100"},{"ID":"19","Rating":1,"Reviewer":"Dagmar Schulze","ReviewDate":"Jun 19, 2015","ReviewText":"Et quo. Nam no essent aliquid, ne animal abhorreant eloquentiam eam, vis natum solet et. Te mollis equidem liberavisse ius, in ius iudico eirmod option. Atqui errem clita eu ius. Tantas dictas id mei, ad pro commodo urbanitas. No consulatu theophrastus pri. Id eleifend evertitur vulputate duo, ex labores salutandi his. Nulla elitr oratio ut usu, qui interesset necessitatibus ut. Sea cu deleniti indoctum persecuti, agam eligendi sit ei. An vis civibus offendit incorrupte.","___FK_43c4d69ec85a1d400d9259f8":"HT-1100","___FK_4c5a0f16e74aa5980d92b2c8":"HT-1100"},{"ID":"20","Rating":3,"Reviewer":"Ursula Wexler","ReviewDate":"Jun 26, 2015","ReviewText":"Eirmod option. Atqui erre.","___FK_43c4d69ec85a1d400d9259f8":"HT-1100","___FK_4c5a0f16e74aa5980d92b2c8":"HT-1100"},{"ID":"21","Rating":2,"Reviewer":"Maria Brown","ReviewDate":"Jul 3, 2015","ReviewText":"Et. Te mollis equidem liberavisse ius, in ius iudico eirmod option. Atqui errem clita eu ius. Tantas dictas id mei, ad pro commodo urbanitas. No consulatu theophrastus pri. Id eleifend evertitur vulputate duo, ex labores salutand.","___FK_43c4d69ec85a1d400d9259f8":"HT-1100","___FK_4c5a0f16e74aa5980d92b2c8":"HT-1100"},{"ID":"22","Rating":1,"Reviewer":"Sam Pelt","ReviewDate":"Jul 10, 2015","ReviewText":"Natum solet et. Te mollis equidem liberavisse ius, in ius iudico eirmod option. Atqui errem clita eu ius. Tantas dictas id mei, ad pro commodo urbanitas. No consulatu theophrastus pri. Id eleifend evertitur vulputate duo, ex labores salutandi his. Nulla elitr oratio ut usu, qui interesset necessitatibus ut. Sea cu deleniti indoctum persecuti, agam eligendi sit ei. An vis civibus offendit incorrupte, mel ne dicam corrumpit. An qui prompta aliquid. Sea ut dolores invidun.","___FK_43c4d69ec85a1d400d9259f8":"HT-9991","___FK_4c5a0f16e74aa5980d92b2c8":"HT-9991"},{"ID":"23","Rating":2,"Reviewer":"Saskia Sommer","ReviewDate":"Jul 17, 2015","ReviewText":"Dicunt rationibus et quo.","___FK_43c4d69ec85a1d400d9259f8":"HT-9991","___FK_4c5a0f16e74aa5980d92b2c8":"HT-9991"},{"ID":"24","Rating":5,"Reviewer":"Julia Pfeffer","ReviewDate":"Jul 24, 2015","ReviewText":"Amet, at vim laudem dolorem persecuti, qui qualisque deseruisse id, tempor dicunt rationibus et quo. Nam no essent aliquid, ne animal abhorreant eloquentiam eam, vis natum solet et. Te mollis equidem liberavisse ius, in ius iudic.","___FK_43c4d69ec85a1d400d9259f8":"HT-9991","___FK_4c5a0f16e74aa5980d92b2c8":"HT-9991"},{"ID":"25","Rating":5,"Reviewer":"Karl Muller","ReviewDate":"Jun 13, 2015","ReviewText":"Quo. Nam no essen.","___FK_43c4d69ec85a1d400d9259f8":"HT-9999","___FK_4c5a0f16e74aa5980d92b2c8":"HT-9999"},{"ID":"26","Rating":5,"Reviewer":"Harald Gahn","ReviewDate":"Jun 16, 2015","ReviewText":"Dolorem persecuti, qui qualisque deseruisse id, tempor dicunt rationibus et quo. Nam no essent aliquid, ne animal abhorreant eloquentiam eam, vis natum solet et. Te mollis equidem liberavisse ius, in ius iudico eirmod option. Atqui erre.","___FK_43c4d69ec85a1d400d9259f8":"HT-9999","___FK_4c5a0f16e74aa5980d92b2c8":"HT-9999"},{"ID":"27","Rating":1,"Reviewer":"Dagmar Schulze","ReviewDate":"Jun 19, 2015","ReviewText":"Et quo. Nam no essent aliquid, ne animal abhorreant eloquentiam eam, vis natum solet et. Te mollis equidem liberavisse ius, in ius iudico eirmod option. Atqui errem clita eu ius. Tantas dictas id mei, ad pro commodo urbanitas. No consulatu theophrastus pri. Id eleifend evertitur vulputate duo, ex labores salutandi his. Nulla elitr oratio ut usu, qui interesset necessitatibus ut. Sea cu deleniti indoctum persecuti, agam eligendi sit ei. An vis civibus offendit incorrupte.","___FK_43c4d69ec85a1d400d9259f8":"HT-9999","___FK_4c5a0f16e74aa5980d92b2c8":"HT-9999"},{"ID":"28","Rating":3,"Reviewer":"Ursula Wexler","ReviewDate":"Jun 26, 2015","ReviewText":"Eirmod option. Atqui erre.","___FK_43c4d69ec85a1d400d9259f8":"HT-9999","___FK_4c5a0f16e74aa5980d92b2c8":"HT-9999"},{"ID":"29","Rating":2,"Reviewer":"Maria Brown","ReviewDate":"Jul 3, 2015","ReviewText":"Et. Te mollis equidem liberavisse ius, in ius iudico eirmod option. Atqui errem clita eu ius. Tantas dictas id mei, ad pro commodo urbanitas. No consulatu theophrastus pri. Id eleifend evertitur vulputate duo, ex labores salutand.","___FK_43c4d69ec85a1d400d9259f8":"HT-9999","___FK_4c5a0f16e74aa5980d92b2c8":"HT-9999"},{"ID":"30","Rating":1,"Reviewer":"Sam Pelt","ReviewDate":"Jul 10, 2015","ReviewText":"Natum solet et. Te mollis equidem liberavisse ius, in ius iudico eirmod option. Atqui errem clita eu ius. Tantas dictas id mei, ad pro commodo urbanitas. No consulatu theophrastus pri. Id eleifend evertitur vulputate duo, ex labores salutandi his. Nulla elitr oratio ut usu, qui interesset necessitatibus ut. Sea cu deleniti indoctum persecuti, agam eligendi sit ei. An vis civibus offendit incorrupte, mel ne dicam corrumpit. An qui prompta aliquid. Sea ut dolores invidun.","___FK_43c4d69ec85a1d400d9259f8":"HT-9999","___FK_4c5a0f16e74aa5980d92b2c8":"HT-9999"},{"ID":"31","Rating":2,"Reviewer":"Saskia Sommer","ReviewDate":"Jul 17, 2015","ReviewText":"Dicunt rationibus et quo.","___FK_43c4d69ec85a1d400d9259f8":"HT-9992","___FK_4c5a0f16e74aa5980d92b2c8":"HT-9992"},{"ID":"32","Rating":5,"Reviewer":"Julia Pfeffer","ReviewDate":"Jul 24, 2015","ReviewText":"Amet, at vim laudem dolorem persecuti, qui qualisque deseruisse id, tempor dicunt rationibus et quo. Nam no essent aliquid, ne animal abhorreant eloquentiam eam, vis natum solet et. Te mollis equidem liberavisse ius, in ius iudic.","___FK_43c4d69ec85a1d400d9259f8":"HT-9992","___FK_4c5a0f16e74aa5980d92b2c8":"HT-9992"},{"ID":"33","Rating":5,"Reviewer":"Karl Muller","ReviewDate":"Jun 13, 2015","ReviewText":"Quo. Nam no essen.","___FK_43c4d69ec85a1d400d9259f8":"HT-9992","___FK_4c5a0f16e74aa5980d92b2c8":"HT-9992"},{"ID":"34","Rating":5,"Reviewer":"Harald Gahn","ReviewDate":"Jun 16, 2015","ReviewText":"Dolorem persecuti, qui qualisque deseruisse id, tempor dicunt rationibus et quo. Nam no essent aliquid, ne animal abhorreant eloquentiam eam, vis natum solet et. Te mollis equidem liberavisse ius, in ius iudico eirmod option. Atqui erre.","___FK_43c4d69ec85a1d400d9259f8":"HT-9992","___FK_4c5a0f16e74aa5980d92b2c8":"HT-9992"},{"ID":"35","Rating":1,"Reviewer":"Dagmar Schulze","ReviewDate":"Jun 19, 2015","ReviewText":"Et quo. Nam no essent aliquid, ne animal abhorreant eloquentiam eam, vis natum solet et. Te mollis equidem liberavisse ius, in ius iudico eirmod option. Atqui errem clita eu ius. Tantas dictas id mei, ad pro commodo urbanitas. No consulatu theophrastus pri. Id eleifend evertitur vulputate duo, ex labores salutandi his. Nulla elitr oratio ut usu, qui interesset necessitatibus ut. Sea cu deleniti indoctum persecuti, agam eligendi sit ei. An vis civibus offendit incorrupte.","___FK_43c4d69ec85a1d400d9259f8":"HT-9992","___FK_4c5a0f16e74aa5980d92b2c8":"HT-9992"},{"ID":"36","Rating":3,"Reviewer":"Ursula Wexler","ReviewDate":"Jun 26, 2015","ReviewText":"Eirmod option. Atqui erre.","___FK_43c4d69ec85a1d400d9259f8":"HT-9992","___FK_4c5a0f16e74aa5980d92b2c8":"HT-9992"},{"ID":"37","Rating":2,"Reviewer":"Maria Brown","ReviewDate":"Jul 3, 2015","ReviewText":"Et. Te mollis equidem liberavisse ius, in ius iudico eirmod option. Atqui errem clita eu ius. Tantas dictas id mei, ad pro commodo urbanitas. No consulatu theophrastus pri. Id eleifend evertitur vulputate duo, ex labores salutand.","___FK_43c4d69ec85a1d400d9259f8":"HT-9992","___FK_4c5a0f16e74aa5980d92b2c8":"HT-9992"},{"ID":"38","Rating":1,"Reviewer":"Sam Pelt","ReviewDate":"Jul 10, 2015","ReviewText":"Natum solet et. Te mollis equidem liberavisse ius, in ius iudico eirmod option. Atqui errem clita eu ius. Tantas dictas id mei, ad pro commodo urbanitas. No consulatu theophrastus pri. Id eleifend evertitur vulputate duo, ex labores salutandi his. Nulla elitr oratio ut usu, qui interesset necessitatibus ut. Sea cu deleniti indoctum persecuti, agam eligendi sit ei. An vis civibus offendit incorrupte, mel ne dicam corrumpit. An qui prompta aliquid. Sea ut dolores invidun.","___FK_43c4d69ec85a1d400d9259f8":"HT-1050","___FK_4c5a0f16e74aa5980d92b2c8":"HT-1050"},{"ID":"39","Rating":2,"Reviewer":"Saskia Sommer","ReviewDate":"Jul 17, 2015","ReviewText":"Dicunt rationibus et quo.","___FK_43c4d69ec85a1d400d9259f8":"HT-1041","___FK_4c5a0f16e74aa5980d92b2c8":"HT-1041"},{"ID":"40","Rating":5,"Reviewer":"Julia Pfeffer","ReviewDate":"Jul 24, 2015","ReviewText":"Amet, at vim laudem dolorem persecuti, qui qualisque deseruisse id, tempor dicunt rationibus et quo. Nam no essent aliquid, ne animal abhorreant eloquentiam eam, vis natum solet et. Te mollis equidem liberavisse ius, in ius iudic.","___FK_43c4d69ec85a1d400d9259f8":"HT-1041","___FK_4c5a0f16e74aa5980d92b2c8":"HT-1041"},{"ID":"41","Rating":2,"Reviewer":"Maria Brown","ReviewDate":"Jul 3, 2015","ReviewText":"Et. Te mollis equidem liberavisse ius, in ius iudico eirmod option. Atqui errem clita eu ius. Tantas dictas id mei, ad pro commodo urbanitas. No consulatu theophrastus pri. Id eleifend evertitur vulputate duo, ex labores salutand.","___FK_43c4d69ec85a1d400d9259f8":"HT-1050","___FK_4c5a0f16e74aa5980d92b2c8":"HT-1050"}]